Time,Wafer,Wafer Disposition,Die Failed,Recipe,Defect Count,Alignment Failures,Inspection Time,Wafer Position,Wafer Theta
1/2/2026 8:28:01 AM,"Lot: 20260102_IME00084blanket_S15, Wafer: IME00084_15",Passed,0,BareSi\300mm_BareSi\300mm_BareSi_BF0.5um,23,0,00:06:59.6330000,"(-0.130852371162575,-0.332209274506781)",0
1/2/2026 9:23:06 AM,"Lot: 20260102_IME00084blanket_S15, Wafer: IME00084_09",Passed,0,BareSi\300mm_BareSi\300mm_BareSi_BF0.5um,356,0,00:08:24.6860000,"(-0.172064720599906,-0.327009760701625)",0
1/6/2026 1:20:28 PM,"Lot: 20260106_FFblankS11_AOIS2, Wafer: 20260106_02",Faulted,0,FF_UNPatt_ParticleCheck_Dice_10.3X10.3_Bevel\FF_UNPatt_ParticleCheck\FF_ParticleCheck_BF_10.3_Bevel,0,0,00:01:41.7700000,"(0.231289278314138,-0.522297392189905)",0
1/6/2026 1:23:02 PM,"Lot: 20260106_FFblankS11_AOIS2, Wafer: 20260106_02",Faulted,0,FF_UNPatt_ParticleCheck_Dice_10.3X10.3_Std_3\FF_UNPatt_ParticleCheck\Copy of FF_ParticleCheck_BF_10.3_Std,0,0,00:01:56.7000000,"(0.231289278314138,-0.522297392189905)",0
1/6/2026 1:34:27 PM,"Lot: 20260106_FFblankS11_AOIS2, Wafer: 20260106_02",Faulted,0,FF_UNPatt_ParticleCheck_Dice_10X10-copy\FF_UNPatt_ParticleCheck_10x10\Copy of FF_ParticleCheck_Chiping_BF_10x10,0,0,00:03:15.0160000,"(-0.212466804460677,-0.231722640294027)",0
1/6/2026 1:38:35 PM,"Lot: 20260106_FFblankS11_AOIS2, Wafer: 20260106_02",Faulted,0,FF_UNPatt_ParticleCheck_Dice_10X10\FF_UNPatt_ParticleCheck\FF_ParticleCheck_Chiping_BF,0,0,00:01:36.3200000,"(0.396926170698544,-0.710506880364996)",0
1/6/2026 1:41:25 PM,"Lot: 20260106_FFblankS11_AOIS2, Wafer: 20260106_02",Faulted,0,FF_UNPatt_ParticleCheck_Dice_10X10-copy\FF_UNPatt_ParticleCheck_10x10\Copy of FF_ParticleCheck_Chiping_BF_10x10,0,0,00:02:33.5230000,"(0.396926170698544,-0.710506880364996)",0
1/6/2026 2:24:21 PM,"Lot: 20260106_FFblankS11_AOIS2, Wafer: 20260106_02",Faulted,0,FF_UNPatt_ParticleCheck_Dice_10.3X10.3_Bevel\FF_UNPatt_ParticleCheck\FF_ParticleCheck_BF_10.3_Bevel,0,0,00:03:22.3670000,"(0.396926170698544,-0.710506880364996)",0
1/6/2026 2:50:40 PM,"Lot: 20260106_FFblankS11_AOIS2, Wafer: 20260106_02",Faulted,0,FF_UNPatt_ParticleCheck_Dice_10.3X10.3_Std_2\FF_UNPatt_ParticleCheck\Copy of Copy of FF_ParticleCheck_BF_10.3_Std,0,0,00:01:32.5990000,"(0.396926170698544,-0.710506880364996)",0
1/6/2026 2:54:08 PM,"Lot: 20260106_FFblankS11_AOIS2, Wafer: 20260106_02",Faulted,0,FF_UNPatt_ParticleCheck_Dice_10.3X10.3_Std_3\FF_UNPatt_ParticleCheck\Copy of FF_ParticleCheck_BF_10.3_Std,0,0,00:01:09.1700000,"(0.396926170698544,-0.710506880364996)",0
1/6/2026 5:10:10 PM,"Lot: 20260106_FFblankS12_AOIS05, Wafer: 20260106_05",Faulted,0,FF_UNPatt_ParticleCheck_Dice_10.3X10.3_Bevel\FF_UNPatt_ParticleCheck\FF_ParticleCheck_BF_10.3_Bevel,0,0,00:02:55.8320000,"(0.789047050637862,0.00479960837933646)",0
1/7/2026 8:07:47 AM,"Lot: 20260107_IME00084blanket_S16, Wafer: IME00084_16",Passed,0,BareSi\300mm_BareSi\300mm_BareSi_BF0.5um,43,0,00:07:00.1450000,"(-0.160252599263515,-0.321922729752583)",0
1/7/2026 10:11:23 AM,"Lot: 20260107_Blank_s11_AOIs2, Wafer: 20260107_02",Passed,373,FF_UNPatt_ParticleCheck_Dice_10.2X10.2cy5\FF_UNPatt_ParticleCheck\FF_ParticleCheck_Chiping_BF,1729,0,00:17:09.5210000,"(0.366244082789079,-0.346771937668246)",0
1/7/2026 10:37:38 AM,"Lot: 20260107_blanketS12_AOIS05, Wafer: 20260107_05",Passed,490,FF_UNPatt_ParticleCheck_Dice_10.2X10.2cy5\FF_UNPatt_ParticleCheck\FF_ParticleCheck_Chiping_BF,13059,0,00:18:58.9790000,"(0.864032227804804,-0.302015016313378)",0
1/7/2026 11:17:40 AM,"Lot: 20260107_blanketcomS13_AOIS08, Wafer: 20260107_08",Passed,422,FF_UNPatt_ParticleCheck_Dice_10.2X10.2cy5\FF_UNPatt_ParticleCheck\FF_ParticleCheck_Chiping_BF,6482,0,00:15:47.7850000,"(0.781899284016989,0.132020727022475)",0
1/7/2026 11:56:55 AM,"Lot: 20260107_blanketcomS2_AOIS02, Wafer: 20260107_02",Passed,571,FF_UNPatt_ParticleCheck_Dice_10.3X10.3_Std_2\FF_UNPatt_ParticleCheck\Copy of Copy of FF_ParticleCheck_BF_10.3_Std,5726,0,00:20:26.2680000,"(-0.958154280822646,-0.272911300971799)",0
1/7/2026 12:17:08 PM,"Lot: 20260107_blanketcomS3_AOIS04, Wafer: 20260107_04",Passed,568,FF_UNPatt_ParticleCheck_Dice_10.3X10.3_Std_2\FF_UNPatt_ParticleCheck\Copy of Copy of FF_ParticleCheck_BF_10.3_Std,8712,0,00:17:54.8490000,"(-1.08620237963313,-0.51581582372512)",0
1/7/2026 12:38:42 PM,"Lot: 20260107_blanketcomS4_AOIS06, Wafer: 20260107_06",Passed,569,FF_UNPatt_ParticleCheck_Dice_10.3X10.3_Std_2\FF_UNPatt_ParticleCheck\Copy of Copy of FF_ParticleCheck_BF_10.3_Std,11487,0,00:19:09.3750000,"(-1.39179346583454,-0.499463893454475)",0
1/7/2026 1:00:35 PM,"Lot: 20260107_blanketcomS5_AOIS08, Wafer: 20260107_08",Passed,578,FF_UNPatt_ParticleCheck_Dice_10.3X10.3_Std_2\FF_UNPatt_ParticleCheck\Copy of Copy of FF_ParticleCheck_BF_10.3_Std,8510,0,00:18:56.9960000,"(-1.74505032098446,-0.705821222391506)",0
1/7/2026 2:02:56 PM,"Lot: 20260107_s19_doe1, Wafer: IME00216_19",Passed,0,300mm D2W bonded IDGF 100um\300mm D2W IDGF\300mm D2W IDGF 100um,3334,0,00:05:35.1310000,"(-0.149349091330262,-0.333144566612575)",0
1/7/2026 2:18:34 PM,"Lot: 20260107_s19_doe1, Wafer: IME00216_19",Passed,0,300mm D2W bonded IDGF 100um\300mm D2W IDGF\300mm D2W IDGF 100um,3315,0,00:05:17.8760000,"(-0.149349091330262,-0.333144566612575)",0
1/7/2026 4:54:32 PM,"Lot: 20260107_blanketcom_S2_AOIS01, Wafer: 20260107_01",Passed,448,FF_UNPatt_ParticleCheck_Dice_10.3X10.3_Std_2\FF_UNPatt_ParticleCheck\Copy of Copy of FF_ParticleCheck_BF_10.3_Std,1112,0,00:17:44.9630000,"(-0.980546708504805,-0.341384590296542)",0
1/7/2026 5:40:27 PM,"Lot: 20250107_blanketcomS11_AOI08, Wafer: 20250107_08",Passed,529,FF_UNPatt_ParticleCheck_Dice_10.2X10.2cy5\FF_UNPatt_ParticleCheck\FF_ParticleCheck_Chiping_BF,1854,0,00:16:43.2640000,"(0.306089083115802,-0.283265304482761)",0
1/7/2026 6:10:37 PM,"Lot: 20250107_blanketcomS12_AOIS07, Wafer: 20250107_07",Passed,553,FF_UNPatt_ParticleCheck_Dice_10.2X10.2cy5\FF_UNPatt_ParticleCheck\FF_ParticleCheck_Chiping_BF,7039,0,00:16:18.8830000,"(0.972008228081458,-0.687031413632818)",0
1/7/2026 6:28:57 PM,"Lot: 20250107_blanketcomS13_AOIS09, Wafer: 20250107_09",Passed,541,FF_UNPatt_ParticleCheck_Dice_10.2X10.2cy5\FF_UNPatt_ParticleCheck\FF_ParticleCheck_Chiping_BF,4266,0,00:16:19.9590000,"(1.00646727558628,-0.48279874451373)",0
1/7/2026 6:49:58 PM,"Lot: 20250107_blanketcomS4_AOIS05, Wafer: 20250107_05",Passed,568,FF_UNPatt_ParticleCheck_Dice_10.3X10.3_Std_2\FF_UNPatt_ParticleCheck\Copy of Copy of FF_ParticleCheck_BF_10.3_Std,3042,0,00:18:34.1180000,"(-0.755186230379167,-0.305844070905152)",0
1/7/2026 7:10:55 PM,"Lot: 20250107_blanketcomS3_AOIS03, Wafer: 20250107_03",Passed,577,FF_UNPatt_ParticleCheck_Dice_10.3X10.3_Std_2\FF_UNPatt_ParticleCheck\Copy of Copy of FF_ParticleCheck_BF_10.3_Std,80215,0,00:19:00.4310000,"(-1.08424732275238,-0.0516200850595396)",0
1/8/2026 9:23:15 AM,"Lot: 20260108_s24_doe5, Wafer: IME00216_24",Passed,0,300mm D2W bonded IDGF 100um\300mm D2W IDGF\300mm D2W IDGF 100um,354,0,00:05:26.0040000,"(-0.175692041046208,-0.340416148151721)",0
1/8/2026 9:45:17 AM,"Lot: 20260108_s25_doe6, Wafer: IME00216_25",Passed,0,300mm D2W bonded IDGF 100um\300mm D2W IDGF\300mm D2W IDGF 100um,9796,0,00:08:54.6790000,"(-0.0683270504165794,-0.365002585328373)",0
1/8/2026 10:13:23 AM,"Lot: 20250108_s24_retrain, Wafer: IME00216_24",Passed,0,300mm D2W bonded IDGF 100um\300mm D2W IDGF\300mm D2W IDGF 100um,318,0,00:16:01.1450000,"(-0.157200500105777,-0.359872781532914)",0
1/8/2026 10:30:55 AM,"Lot: 20260108_s20_doe2, Wafer: IME00216_20",Passed,0,300mm D2W bonded IDGF 1000um\300mm D2W IDGF\300mm D2W IDGF 1000um,3499,0,00:12:58.8500000,"(-0.11831979123828,-0.349523627912948)",0
1/8/2026 11:04:16 AM,"Lot: 20260108_s22_doe3, Wafer: IME00216_22",Passed,0,300mm D2W bonded IDGF 1000um\300mm D2W IDGF\300mm D2W IDGF 1000um,7631,5,00:10:29.4140000,"(0.00841525391789588,-0.463337419106601)",0
1/8/2026 11:21:29 AM,"Lot: 20260108_s23_doe4, Wafer: IME00216_23",Passed,0,300mm D2W bonded IDGF 1000um\300mm D2W IDGF\300mm D2W IDGF 1000um,16062,0,00:16:33.0140000,"(-0.0881795501501639,-0.358428574842229)",0
1/8/2026 11:46:43 AM,"Lot: 20260108_FFblankcomS2_AOIS02, Wafer: 20260108_02",Passed,169,FF_UNPatt_ParticleCheck_Dice_10.3X10.3_Std_2\FF_UNPatt_ParticleCheck\Copy of Copy of FF_ParticleCheck_BF_10.3_Std,219,0,00:10:12.0860000,"(-1.01103898884137,0.224607975191219)",0
1/8/2026 12:03:33 PM,"Lot: 20260108_IME00143blanketsub_S10, Wafer: IME00143_10",Passed,0,BareSi\300mm_BareSi\300mm_BareSi_BF0.5um,13,0,00:06:48.1640000,"(-0.141062261953778,-0.309874385465701)",0
1/8/2026 1:21:23 PM,"Lot: 20260108_blanketcomS4_AOIS01, Wafer: 20260108_01",Passed,197,FF_UNPatt_ParticleCheck_Dice_10.3X10.3_Std_2\FF_UNPatt_ParticleCheck\Copy of Copy of FF_ParticleCheck_BF_10.3_Std,473,0,00:15:45.4500000,"(2.26440228821704,-0.713185267005343)",0
1/8/2026 1:33:36 PM,"Lot: 20260108_FFblankcomS11_AOIS03, Wafer: 20260108_03",Passed,155,FF_UNPatt_ParticleCheck_Dice_10.2X10.2cy5\FF_UNPatt_ParticleCheck\FF_ParticleCheck_Chiping_BF,227,0,00:09:40.9900000,"(0.555285303415399,-0.846768640457723)",0
1/8/2026 1:50:51 PM,"Lot: 20260108_FFblankcomS12_AOIS05, Wafer: 20260108_05",Passed,253,FF_UNPatt_ParticleCheck_Dice_10.2X10.2cy5\FF_UNPatt_ParticleCheck\FF_ParticleCheck_Chiping_BF,844,0,00:15:01.0910000,"(1.06450019397331,-0.775754852929284)",0
1/8/2026 2:06:58 PM,"Lot: 20260108_FFblankcomS13_AOIS7, Wafer: 20260108_07",Passed,185,FF_UNPatt_ParticleCheck_Dice_10.2X10.2cy5\FF_UNPatt_ParticleCheck\FF_ParticleCheck_Chiping_BF,383,0,00:11:01.7220000,"(0.612744924983735,-0.105847286570135)",0
1/8/2026 5:18:35 PM,"Lot: MT_20260108141536, Wafer: IME00055_16",Passed,0,300mm D2W bonded IDGF mtv\300mm D2W IDGF\300mm D2W IDGF mtv,217,0,00:10:51.0910000,"(-0.119536350968218,-0.361350335016059)",0
1/8/2026 5:33:22 PM,"Lot: MT_20260108141536, Wafer: IME00055_16",Passed,0,300mm D2W bonded IDGF mtv\300mm D2W IDGF\300mm D2W IDGF mtv,218,0,00:10:41.3580000,"(-0.119536350968218,-0.361350335016059)",0
1/8/2026 5:53:16 PM,"Lot: 20260108_mtv_IDGF_s16, Wafer: IME00055_16",Passed,0,300mm D2W bonded IDGF mtv\300mm D2W IDGF\300mm D2W IDGF mtv,224,0,00:10:57.3580000,"(-0.116471428472265,-0.326341954261174)",0
1/9/2026 9:18:24 AM,"Lot: 20260108_mtv_IDGF_s17, Wafer: IME00055_17",Faulted,0,300mm D2W bonded IDGF mtv\300mm D2W IDGF\300mm D2W IDGF mtv,0,0,00:00:33.7590000,"(-0.433048376039974,-0.473988975296141)",0
1/9/2026 10:43:44 AM,"Lot: 20260109_mtv_IDGF_s17, Wafer: IME00055_17",Passed,0,300mm D2W bonded IDGF mtv s17\300mm D2W IDGF\300mm D2W IDGF mtv,2366,0,00:15:14.8400000,"(-0.464388705378926,-0.447156889755266)",0
1/9/2026 6:08:45 PM,"Lot: 20260109_TSV1_s13, Wafer: MOD00161_13",Passed,452,300mm TSV1\300mm TSV1\300mm TSV1,4684,0,00:18:50.5050000,"(-0.15555341532594,-0.328520730831473)",0
1/9/2026 6:31:17 PM,"Lot: 20260109_TSV1_s14, Wafer: MOD00161_14",Passed,362,300mm TSV1\300mm TSV1\300mm TSV1,1390,0,00:21:52.2720000,"(-0.13121580656464,-0.323991491973321)",0
1/12/2026 11:39:59 AM,"Lot: 20260112_BlanketcomS3_AOIS03, Wafer: 20260112_03",Passed,580,FF_UNPatt_ParticleCheck_Dice_10.3X10.3_Std_2\FF_UNPatt_ParticleCheck\Copy of Copy of FF_ParticleCheck_BF_10.3_Std,53920,0,00:17:24.2320000,"(-1.19752029763717,0.162313046139161)",0
1/12/2026 11:57:49 AM,"Lot: 20260112_blanketcomS5_AOIS05, Wafer: 20260112_05",Faulted,0,FF_UNPatt_ParticleCheck_Dice_10.3X10.3_Bevel_cy2\FF_UNPatt_ParticleCheck\FF_ParticleCheck_BF_10.3_Bevel,0,0,00:01:21.5980000,"(4.53670076382262,1.39643222838424)",0
1/12/2026 2:40:40 PM,"Lot: 20260112_blanketcomS5_AOIS05, Wafer: 20260112_05",Passed,518,FF_UNPatt_ParticleCheck_Dice_10.3X10.3_Bevel_cy2\FF_UNPatt_ParticleCheck\FF_ParticleCheck_BF_10.3_Bevel,9788,0,00:18:16.4040000,"(1.12683220441352,0.823727214729654)",0
1/12/2026 3:30:38 PM,"Lot: 20260112_blanketcomS10_AOIS07, Wafer: 20260112_07",Passed,468,FF_UNPatt_ParticleCheck_Dice_10.3X10.3_Bevel_cy3\FF_UNPatt_ParticleCheck\FF_ParticleCheck_BF_10.3_Bevel,7378,0,00:17:30.8530000,"(2.01670519463514,0.457093654126002)",0
1/12/2026 4:40:07 PM,"Lot: 20260112_prewet, Wafer: MOD00161_10",Passed,474,300mm TSV1\300mm TSV1\300mm TSV1,809,0,00:18:02.6180000,"(-0.15829827940736,-0.328321743338384)",0
1/12/2026 4:59:43 PM,"Lot: 20260112_postwet, Wafer: MOD00161_15",Passed,531,300mm TSV1\300mm TSV1\300mm TSV1,4899,0,00:18:55.6200000,"(-0.127743225675319,-0.342093040916471)",0
1/12/2026 5:22:58 PM,"Lot: 20260112_blanket_s25, Wafer: MOD00161_25",Passed,0,BareSi\300mm_BareSi\300mm_BareSi_BF0.5um,242,0,00:07:27.0880000,"(-0.131680686489716,-0.322764856236851)",0
1/12/2026 6:22:08 PM,"Lot: 20260112_FFblankS3_AOIS03, Wafer: 20260112_03",Passed,569,FF_UNPatt_ParticleCheck_Dice_10.3X10.3_Std_2_cy\FF_UNPatt_ParticleCheck\ FF_ParticleCheck_BF_10.3_Std,88359,0,00:08:22.0100000,"(-1.34826399193978,0.507402532151247)",0
1/12/2026 6:40:11 PM,"Lot: 20260112_FFblankS3_AOIS03, Wafer: 20260112_03",Passed,568,FF_UNPatt_ParticleCheck_Dice_10.3X10.3_Std_2_cy\FF_UNPatt_ParticleCheck\ FF_ParticleCheck_BF_10.3_Std,86184,0,00:17:31.6440000,"(-1.34826399193978,0.507402532151247)",0
1/13/2026 9:23:48 AM,"Lot: 20260113_blanketcomS3_AOIS03_2, Wafer: 20260113_03",Passed,569,FF_UNPatt_ParticleCheck_Dice_10.3X10.3_Std_2_cy\FF_UNPatt_ParticleCheck\ FF_ParticleCheck_BF_10.3_Std,78918,0,00:17:28.4940000,"(-1.2382852901895,0.382497173929067)",0
1/13/2026 9:48:28 AM,"Lot: 20260113_blanketcomS5_AOIS04, Wafer: 20260113_04",Passed,526,FF_UNPatt_ParticleCheck_Dice_10.3X10.3_Bevel_cy2\FF_UNPatt_ParticleCheck\FF_ParticleCheck_BF_10.3_Bevel,11104,0,00:18:13.0450000,"(1.09832844121433,0.846931824793478)",0
1/13/2026 10:12:39 AM,"Lot: 20260113_blanketcomS10_AOIS05, Wafer: 20260113_05",Passed,470,FF_UNPatt_ParticleCheck_Dice_10.3X10.3_Bevel_cy3\FF_UNPatt_ParticleCheck\FF_ParticleCheck_BF_10.3_Bevel,7762,0,00:17:40.8360000,"(2.12932658195496,0.0842818096280098)",0
1/13/2026 4:09:45 PM,"Lot: 20260113_blanketcomS3_AOIS03, Wafer: 20260113_03",Passed,205,FF_UNPatt_ParticleCheck_Dice_10.3X10.3_Std_2_cy\FF_UNPatt_ParticleCheck\ FF_ParticleCheck_BF_10.3_Std,295,0,00:11:09.4070000,"(-1.08760946358115,0.0741341176921253)",0
1/13/2026 4:33:32 PM,"Lot: 20260113_blanketcomS5_AOIS05, Wafer: 20260113_05",Passed,525,FF_UNPatt_ParticleCheck_Dice_10.3X10.3_Bevel_cy2\FF_UNPatt_ParticleCheck\FF_ParticleCheck_BF_10.3_Bevel,11009,0,00:16:28.2020000,"(1.12476616763092,0.724814433663969)",0
1/13/2026 4:55:24 PM,"Lot: 20260113_blanketcomS10_AOIS07, Wafer: 20260113_07",Passed,457,FF_UNPatt_ParticleCheck_Dice_10.3X10.3_Bevel_cy3\FF_UNPatt_ParticleCheck\FF_ParticleCheck_BF_10.3_Bevel,4694,0,00:17:32.8090000,"(2.15575909614563,0.0274348743259907)",0
1/14/2026 9:11:22 AM,"Lot: 20260114_FFblanketS16_AOIS05, Wafer: 20260114_05",Faulted,0,FF_UNPatt_ParticleCheck_Dice_10.3X10.3_Std_2_cy\FF_UNPatt_ParticleCheck\ FF_ParticleCheck_BF_10.3_Std,0,0,00:01:53.2000000,"(5.4177775880793,1.13373771067428)",0
1/14/2026 9:33:02 AM,"Lot: 20260114_FFblanketS16_AOIS05, Wafer: 20260114_05",Passed,587,FF_UNPatt_ParticleCheck_Dice_10.3X10.3_Bevel\FF_UNPatt_ParticleCheck\FF_ParticleCheck_BF_10.3_Bevel,154262,0,00:20:01.9680000,"(5.4177775880793,1.13373771067428)",0
1/14/2026 11:57:36 AM,"Lot: 20260114_FFblanketS16_AOIS05-2, Wafer: 20260114_05",Passed,560,FF_UNPatt_ParticleCheck_Dice_10.3X10.3_Bevel_s16\FF_UNPatt_ParticleCheck\FF_ParticleCheck_BF_10.3_Bevel,154689,0,00:16:34.4330000,"(5.4177775880793,1.13373771067428)",0
1/14/2026 12:35:24 PM,"Lot: 20260114_blanketcomS5_AOIS04, Wafer: 20260114_04",Passed,527,FF_UNPatt_ParticleCheck_Dice_10.3X10.3_Bevel_cy2\FF_UNPatt_ParticleCheck\FF_ParticleCheck_BF_10.3_Bevel,11222,0,00:16:29.9180000,"(0.930430917073625,1.00168541434897)",0
1/14/2026 1:00:48 PM,"Lot: 20260114_blanketcomS10_AOIS06, Wafer: 20260114_06",Passed,462,FF_UNPatt_ParticleCheck_Dice_10.3X10.3_Bevel_cy3\FF_UNPatt_ParticleCheck\FF_ParticleCheck_BF_10.3_Bevel,4803,0,00:17:46.4970000,"(1.99132192134857,0.149080991744995)",0
1/14/2026 1:25:27 PM,"Lot: 20260114_blanketcomS16_AOIS05, Wafer: 20260114_05",Passed,560,FF_UNPatt_ParticleCheck_Dice_10.3X10.3_Bevel_s16\FF_UNPatt_ParticleCheck\FF_ParticleCheck_BF_10.3_Bevel,126489,0,00:16:23.5000000,"(4.74984508403665,1.12024573466861)",0
1/14/2026 5:50:01 PM,"Lot: 20260114_FFblanketS3_AOIS05, Wafer: 20260114_05",Passed,166,FF_UNPatt_ParticleCheck_Dice_10.3X10.3_Std_2_cy\FF_UNPatt_ParticleCheck\ FF_ParticleCheck_BF_10.3_Std,224,0,00:10:31.1990000,"(-0.969189440448242,0.00529449020362449)",0
1/14/2026 6:04:39 PM,"Lot: IME00232_blank_S18, Wafer: IME00232_09",Passed,0,BareSi\300mm_BareSi\300mm_BareSi_BF0.5um,251,0,00:07:58.1110000,"(-0.120498290225527,-0.343443834312676)",0
1/14/2026 6:27:28 PM,"Lot: 20260114_blanketcomS4_AOIS02, Wafer: 20260114_02",Passed,142,FF_UNPatt_ParticleCheck_Dice_10.3X10.3_Std_2_S4\FF_UNPatt_ParticleCheck\FF_ParticleCheck_BF_10.3_Std,311,0,00:11:05.1150000,"(-0.96092366479045,-0.171202517383108)",0
1/14/2026 6:44:56 PM,"Lot: 20260114_baresi_10x, Wafer: IME00084_01",Passed,0,BareSi\300mm_BareSi_obj\300mm_BareSi_BF_10x,1658,0,00:06:22.5610000,"(-0.146164340740853,-0.307631157055301)",0
1/14/2026 6:46:39 PM,"Lot: 20260114_baresi_1x, Wafer: IME00084_01",Passed,0,BareSi\300mm_BareSi_obj\300mm_BareSi_BF_1x,193,0,00:01:13.2450000,"(-0.146164340740853,-0.307631157055301)",0
1/14/2026 6:48:44 PM,"Lot: 20260114_baresi_3x, Wafer: IME00084_01",Passed,0,BareSi\300mm_BareSi_obj\300mm_BareSi_BF_3x,804,0,00:01:32.4820000,"(-0.146164340740853,-0.307631157055301)",0
1/14/2026 6:51:33 PM,"Lot: 20260114_baresi_5x, Wafer: IME00084_01",Passed,0,BareSi\300mm_BareSi_obj\300mm_BareSi_BF_5x,1073,0,00:02:25.5280000,"(-0.146164340740853,-0.307631157055301)",0
1/14/2026 6:56:13 PM,"Lot: 20260114_baresi_7.5x, Wafer: IME00084_01",Passed,0,BareSi\300mm_BareSi_obj\300mm_BareSi_BF_7.5x,1523,0,00:04:04.2540000,"(-0.146164340740853,-0.307631157055301)",0
1/14/2026 7:16:45 PM,"Lot: 20260114_baresi_50x, Wafer: IME00084_01",Faulted,0,BareSi\300mm_BareSi_obj\300mm_BareSi_BF_50x,0,0,00:15:55.0520000,"(-0.146164340740853,-0.307631157055301)",0
1/14/2026 7:18:50 PM,"Lot: 20260114_baresi_50x, Wafer: IME00084_01",Faulted,0,BareSi\300mm_BareSi_obj\300mm_BareSi_BF_50x,0,0,00:00:54.7820000,"(-0.146164340740853,-0.307631157055301)",0
1/14/2026 7:21:05 PM,"Lot: 20260114_baresi_50x-1, Wafer: IME00084_01",Faulted,0,BareSi\300mm_BareSi_obj\300mm_BareSi_BF_50x,0,0,00:02:06.1160000,"(-0.146164340740853,-0.307631157055301)",0
1/15/2026 10:29:51 AM,"Lot: 20260115_bonded_subs_s9, Wafer: IME00232_09",Passed,0,300mm D2W bonded xl\300mm D2W xl\300mm D2W,169,0,00:10:29.0560000,"(-0.127895896088916,-0.314676439837719)",0
1/15/2026 10:58:25 AM,"Lot: 20260115_FFblanketS5_AOIS05, Wafer: 20260115_05",Passed,525,FF_UNPatt_ParticleCheck_Dice_10.3X10.3_Bevel_cy2\FF_UNPatt_ParticleCheck\FF_ParticleCheck_BF_10.3_Bevel,10288,29,00:20:13.2810000,"(-1.15370176994966,-0.86244313190732)",0
1/15/2026 11:35:39 AM,"Lot: 20260115_FFblanketS5_AOIS5, Wafer: 20260115_05",Passed,524,FF_UNPatt_ParticleCheck_Dice_10.3X10.3_Bevel_cy2\FF_UNPatt_ParticleCheck\FF_ParticleCheck_BF_10.3_Bevel,10992,0,00:17:10.5270000,"(0.90477929711865,1.10869818839825)",0
1/15/2026 11:56:10 AM,"Lot: 20260115_FFbalnket_AOIS03, Wafer: 20260115_03",Passed,454,FF_UNPatt_ParticleCheck_Dice_10.3X10.3_Bevel_cy3\FF_UNPatt_ParticleCheck\FF_ParticleCheck_BF_10.3_Bevel,4764,0,00:17:06.1010000,"(2.00776290893555,0.157916322350502)",0
1/15/2026 12:15:25 PM,"Lot: 20260115_FFblanketS16_AOIS01, Wafer: 20260115_01",Passed,582,FF_UNPatt_ParticleCheck_Dice_10.3X10.3_Bevel\FF_UNPatt_ParticleCheck\FF_ParticleCheck_BF_10.3_Bevel,125414,0,00:16:37.8520000,"(5.46179180892562,1.01865962261489)",0
1/15/2026 12:23:40 PM,"Lot: 20260115_TSV1_afterwetclean, Wafer: MOD00161_10",Faulted,0,300mm TSV1\300mm TSV1\300mm TSV1,0,0,00:04:06.0500000,"(-0.10851692076406,-0.329190931791711)",0
1/15/2026 12:40:18 PM,"Lot: 20260115_TSV_afterwetclean, Wafer: MOD00161_10",Passed,239,300mm TSV1\300mm TSV1\300mm TSV1,566,0,00:13:43.0040000,"(-0.118274024231754,-0.329530910997428)",0
1/15/2026 2:49:30 PM,"Lot: 20260115_TSV_afterwetclean-2, Wafer: MOD00161_10",Passed,201,300mm TSV1\300mm TSV1\300mm TSV1,368,0,00:12:57.0470000,"(-0.132884405214915,-0.332714009527974)",0
1/15/2026 3:05:16 PM,"Lot: 20260115_TSV_afterwetclean-3, Wafer: MOD00161_10",Passed,166,300mm TSV1\300mm TSV1\300mm TSV1,196,0,00:11:49.0100000,"(-0.132884405214915,-0.332714009527974)",0
1/15/2026 5:06:54 PM,"Lot: 20260115_FFblanketS3_AOIS03, Wafer: 20260115_03",Passed,247,FF_UNPatt_ParticleCheck_Dice_10.3X10.3_Std_2_cy\FF_UNPatt_ParticleCheck\ FF_ParticleCheck_BF_10.3_Std,1674,0,00:17:52.6490000,"(1.06010290069784,-0.28106766458705)",0
1/15/2026 5:17:46 PM,"Lot: 20260115_FFblanketS3_AOIS03, Wafer: 20260115_03",Passed,111,FF_UNPatt_ParticleCheck_Dice_10.3X10.3_Std_2_cy\FF_UNPatt_ParticleCheck\ FF_ParticleCheck_BF_10.3_Std,175,0,00:08:19.2090000,"(1.06010290069784,-0.28106766458705)",0
1/15/2026 5:29:39 PM,"Lot: IME00232_D2W_S07, Wafer: IME00232_07",Passed,0,300mm D2W bonded xl\300mm D2W xl\300mm D2W,86,0,00:07:06.0380000,"(-0.132581232017571,-0.318748724742161)",0
1/15/2026 5:43:25 PM,"Lot: 20260115_FFblanketS4_AOIS07, Wafer: 20260115_07",Passed,148,FF_UNPatt_ParticleCheck_Dice_10.3X10.3_Std_2_S4\FF_UNPatt_ParticleCheck\FF_ParticleCheck_BF_10.3_Std,260,0,00:10:22.4280000,"(-0.963770821099452,-0.138070476367375)",0
1/19/2026 1:22:50 PM,"Lot: 20260119_IME00084blanket_S1, Wafer: IME00084_01",Passed,0,BareSi\300mm_BareSi\300mm_BareSi_BF0.5um,1642,0,00:11:08.4510000,"(-0.024430078954083,0.309470052055726)",0
1/19/2026 1:59:41 PM,"Lot: 20260119_IME00084blanket_S01_2, Wafer: IME00084_01",Passed,0,BareSi\300mm_BareSi\300mm_BareSi_BF0.5um,1707,0,00:11:15.7540000,"(-0.14169806434893,-0.307438201653493)",0
1/20/2026 10:28:30 AM,"Lot: 20260120_blanketcomS16_AOIS03, Wafer: 20260120_03",Passed,579,FF_UNPatt_ParticleCheck_Dice_10.3X10.3_Bevel_CYS16\FF_UNPatt_ParticleCheck\FF_ParticleCheck_BF_10.3_Bevel,126192,0,00:15:15.9100000,"(0.763802001558542,-0.351197157675129)",0
1/20/2026 11:22:58 AM,"Lot: MT_20260120103356, Wafer: IME00319_01",Passed,146,12in_C2W_eTV3(P)_L2_CMP_pec\L02\L02_CMP,544,0,00:00:42.1600000,"(-0.41583624683166,-0.350750073541313)",0
1/20/2026 11:40:38 AM,"Lot: MT_20260120103356, Wafer: IME00319_01",Passed,42,12in_C2W_eTV3(P)_L2_CMP_pec\L02\L02_CMP,202,0,00:00:41.7910000,"(-0.41583624683166,-0.350750073541313)",0
1/20/2026 11:49:47 AM,"Lot: 25082402-00, Wafer: IME00319_01",Passed,42,12in_C2W_eTV3(P)_L2_CMP_pec\L02\L02_CMP,351,0,00:02:52.9020000,"(-0.414070284899571,-0.363150253174684)",0
1/20/2026 11:54:49 AM,"Lot: 25082402-00, Wafer: IME00319_04",Passed,89,12in_C2W_eTV3(P)_L2_CMP_pec\L02\L02_CMP,911,0,00:04:22.6310000,"(-0.345601828731477,-0.381774706804277)",0
1/20/2026 5:55:41 PM,"Lot: 20260120_blanketcomS4_AOIS04, Wafer: 20260120_04",Passed,180,FF_UNPatt_ParticleCheck_Dice_10.3X10.3_Std_2_S4\FF_UNPatt_ParticleCheck\FF_ParticleCheck_BF_10.3_Std,369,0,00:11:17.0450000,"(-1.01010026977587,-0.104946508182849)",0
1/21/2026 8:12:45 AM,"Lot: IME00084_blanket_S19, Wafer: IME00084_19",Passed,0,BareSi\300mm_BareSi\300mm_BareSi_BF0.5um,70,0,00:07:18.2370000,"(-0.157675751405804,-0.309234604789882)",0
1/21/2026 2:02:54 PM,"Lot: 20260121_FFblank_AOIS04, Wafer: 20260121_04",Passed,194,FF_UNPatt_ParticleCheck_Dice_10.3X10.3_Std_2_S4\FF_UNPatt_ParticleCheck\FF_ParticleCheck_BF_10.3_Std,339,0,00:11:17.2870000,"(-0.964136449122886,-0.161875955347)",0
1/21/2026 2:17:31 PM,"Lot: 20260121_FFblankS11_AOIS01, Wafer: 20260121_01",Passed,289,FF_UNPatt_ParticleCheck_Dice_10.2X10.2cy5\FF_UNPatt_ParticleCheck\FF_ParticleCheck_Chiping_BF,434,0,00:11:37.4270000,"(0.357159805388552,-0.440383335335834)",0
1/21/2026 2:29:27 PM,"Lot: 20260121_blankS19_FoupS7, Wafer: IME00143_07",Passed,0,BareSi\300mm_BareSi\300mm_BareSi_BF0.5um,118,0,00:07:09.0700000,"(-0.143032690478975,-0.305171833303437)",0
1/21/2026 4:09:00 PM,"Lot: 20260121_10.3DAG_s2, Wafer: 20260121_02",Passed,584,FF_UNPatt_ParticleCheck_Dice_10.3X10.3_310um\FF_UNPatt_ParticleCheck\FF_ParticleCheck_BF_10.3_Std,747617,0,00:17:35.2870000,"(1.00796254943782,-0.321321298565294)",0
1/21/2026 4:30:03 PM,"Lot: 20260121_10.3DAG_s3, Wafer: 20260121_03",Passed,584,FF_UNPatt_ParticleCheck_Dice_10.3X10.3_310um\FF_UNPatt_ParticleCheck\FF_ParticleCheck_BF_10.3_Std,68130,0,00:17:53.7960000,"(1.14474434473782,-0.460461654683671)",0
1/21/2026 4:57:34 PM,"Lot: 20250121_6x6_100_s23, Wafer: 20260121_05",Passed,1769,FF_UNPatt_ParticleCheck_Dice_6X6_DBG_2_std\FF_UNPatt_ParticleCheck\Copy of FF_ParticleCheck_Chiping_DBG_std,17016,0,00:10:14.5080000,"(1.16901596609489,-0.111419077139182)",0
1/21/2026 5:15:50 PM,"Lot: 20260121_6x6_dbg_s24, Wafer: 20260121_07",Passed,1699,FF_UNPatt_ParticleCheck_Dice_6X6_DBG_2_std\FF_UNPatt_ParticleCheck\Copy of FF_ParticleCheck_Chiping_DBG_std,8115,0,00:10:19.2290000,"(1.34188680990272,-1.2520728969586)",0
1/21/2026 6:12:18 PM,"Lot: 20260121_6x6_dbg_s23-2, Wafer: 20260121_05",Passed,1769,FF_UNPatt_ParticleCheck_Dice_6X6_DBG_2_std\FF_UNPatt_ParticleCheck\Copy of FF_ParticleCheck_Chiping_DBG_std,17065,0,00:19:04.1690000,"(1.03271707322347,-0.187105584024256)",0
1/21/2026 6:32:25 PM,"Lot: 20260121_6x6_dbg_s24-2, Wafer: 20260121_07",Passed,1696,FF_UNPatt_ParticleCheck_Dice_6X6_DBG_2_std\FF_UNPatt_ParticleCheck\Copy of FF_ParticleCheck_Chiping_DBG_std,8375,0,00:19:08.9080000,"(1.25659991313228,-1.40311257973179)",0
1/21/2026 9:59:58 PM,"Lot: 20260121_blanketcomS4_AOIS01, Wafer: 20260121_01",Passed,149,FF_UNPatt_ParticleCheck_Dice_10.3X10.3_Std_2_S4\FF_UNPatt_ParticleCheck\FF_ParticleCheck_BF_10.3_Std,273,0,00:10:31.0970000,"(-0.724184542835269,-0.581562501937924)",0
1/21/2026 10:31:16 PM,"Lot: 20260121_SubsBonded_s19_AOIs24, Wafer: IME00143_24",Passed,0,300mm D2W bonded xl_s19\300mm D2W xl\300mm D2W,86,0,00:07:09.6540000,"(-0.14804918900515,-0.340339380535497)",0
1/22/2026 10:19:27 AM,"Lot: 20260122_dieshift-1, Wafer: 20260122_07",Passed,1712,FF_dieshifttest\FF_UNPatt_ParticleCheck\FF_ParticleCheck_Chiping_DBG_std,8834,0,00:09:23.0100000,"(1.36962463365558,-1.21198805382163)",0
1/22/2026 10:53:01 AM,"Lot: MT_20260122103630, Wafer: IME00319_01",Faulted,0,Z-12_C2W_eTV3(P)_L2_CMP_pec\Z-L02\Z-L02_CMP,0,0,00:00:17.3510000,"(-0.15042786645681,-0.324849870018621)",0
1/22/2026 10:55:37 AM,"Lot: MT_20260122103630, Wafer: IME00319_01",Passed,125,Z-12_C2W_eTV3(P)_L2_CMP_pec\Z-L02\Z-L02_CMP,596,0,00:02:19.4230000,"(-0.15042786645681,-0.324849870018621)",0
1/22/2026 11:19:59 AM,"Lot: MT_20260122103630, Wafer: IME00319_01",Passed,52,Z-12_C2W_eTV3(P)_L2_CMP_pec\Z-L02\Z-L02_CMP,269,0,00:02:17.7230000,"(-0.15042786645681,-0.324849870018621)",0
1/22/2026 12:02:43 PM,"Lot: 20260122_TSV1, Wafer: MOD00161_02",Passed,256,300mm TSV1\300mm TSV1\300mm TSV1,535,0,00:14:22.1180000,"(-0.112201607280364,-0.328823819245214)",0
1/22/2026 12:17:49 PM,"Lot: 20260122_TSV1, Wafer: MOD00161_03",Passed,267,300mm TSV1\300mm TSV1\300mm TSV1,504,0,00:14:26.1290000,"(-0.0944789273295097,-0.33255215573081)",0
1/22/2026 12:34:15 PM,"Lot: 20260122_TSV1, Wafer: MOD00161_04",Passed,254,300mm TSV1\300mm TSV1\300mm TSV1,697,0,00:15:46.1430000,"(-0.116325583777439,-0.334401755929842)",0
1/22/2026 12:47:56 PM,"Lot: 20260122_TSV1, Wafer: MOD00161_05",Passed,226,300mm TSV1\300mm TSV1\300mm TSV1,313,0,00:13:00.7490000,"(-0.105175771191188,-0.327241140321183)",0
1/22/2026 1:11:31 PM,"Lot: 20260122_TSV1, Wafer: MOD00161_07",Passed,213,300mm TSV1\300mm TSV1\300mm TSV1,378,0,00:13:20.3230000,"(-0.123878782459986,-0.345252660831818)",0
1/22/2026 1:25:26 PM,"Lot: 20260122_TSV1, Wafer: MOD00161_08",Passed,230,300mm TSV1\300mm TSV1\300mm TSV1,372,0,00:13:15.6180000,"(-0.113206979224923,-0.3391199279824)",0
1/22/2026 1:44:04 PM,"Lot: 20260122_TSV1, Wafer: MOD00161_09",Passed,287,300mm TSV1\300mm TSV1\300mm TSV1,1348,0,00:17:58.0660000,"(-0.113347535337256,-0.338719159079643)",0
1/22/2026 2:10:54 PM,"Lot: 20260122_DBG6x6, Wafer: IME00215_22",Passed,149,300mm_UNPatt_ParticleCheck_Dice_6X6_DBG_2\300mm_UNPatt_ParticleCheck\Copy of FF_ParticleCheck_Chiping_DBG,199,0,00:09:30.4440000,"(-0.281543117397381,-0.230885177252504)",0
1/22/2026 3:05:09 PM,"Lot: 20260122_TSV1, Wafer: MOD00161_01",Passed,288,300mm TSV1\300mm TSV1\300mm TSV1,925,0,00:17:39.3480000,"(-0.139470343133233,-0.337323440907718)",0
1/22/2026 3:18:57 PM,"Lot: 20260122_TSV1, Wafer: MOD00161_06",Passed,228,300mm TSV1\300mm TSV1\300mm TSV1,352,0,00:13:08.8190000,"(-0.141170900353938,-0.331323367638962)",0
1/22/2026 3:32:44 PM,"Lot: 20260122_TSV1, Wafer: MOD00161_10",Passed,209,300mm TSV1\300mm TSV1\300mm TSV1,332,0,00:13:06.7530000,"(-0.150152049421134,-0.345393163367195)",0
1/22/2026 4:07:24 PM,"Lot: 20260122_DBG6x6-2, Wafer: 20260122_01",Passed,1783,FF_UNPatt_ParticleCheck_Dice_6X6_DBG_2_std\FF_UNPatt_ParticleCheck\Copy of FF_ParticleCheck_Chiping_DBG_std,14944,0,00:19:46.7300000,"(0.232499126259171,-0.135332290587051)",0
1/22/2026 5:27:53 PM,"Lot: 20260122_dieshifttest2, Wafer: 20260122_08",Passed,1690,FF_dieshifttest\FF_UNPatt_ParticleCheck\FF_ParticleCheck_Chiping_DBG_std,8244,0,00:09:22.7830000,"(1.22124342751786,-1.44400951815367)",0
1/22/2026 6:07:51 PM,"Lot: 20260122_dieshifttest-3, Wafer: 20260122_08",Passed,1699,FF_dieshifttest\FF_UNPatt_ParticleCheck\FF_ParticleCheck_Chiping_DBG_std,8335,0,00:09:25.7960000,"(1.22124342751786,-1.44400951815367)",0
1/23/2026 10:55:32 AM,"Lot: 20260123_blanketcomS5_AOIS01, Wafer: 20260123_01",Passed,518,FF_UNPatt_ParticleCheck_Dice_10.3X10.3_Bevel_cy2\FF_UNPatt_ParticleCheck\FF_ParticleCheck_BF_10.3_Bevel,11053,0,00:18:01.2000000,"(0.851484707110128,1.09697440280779)",0
1/23/2026 11:22:12 AM,"Lot: 20260123_blanketcomS10_AOIS03, Wafer: 20260123_03",Passed,446,FF_UNPatt_ParticleCheck_Dice_10.3X10.3_Bevel_cy3\FF_UNPatt_ParticleCheck\FF_ParticleCheck_BF_10.3_Bevel,4880,0,00:16:44.7760000,"(1.77978658676147,0.415046364068985)",0
1/23/2026 11:39:58 AM,"Lot: 20260123_blanketcomS16_AOIS05, Wafer: 20260123_05",Passed,577,FF_UNPatt_ParticleCheck_Dice_10.3X10.3_Bevel_CYS16\FF_UNPatt_ParticleCheck\FF_ParticleCheck_BF_10.3_Bevel,126265,0,00:15:17.5610000,"(0.76700171332353,0.23617687318011)",0
1/23/2026 3:01:39 PM,"Lot: 20260123_310umblank_AOIS05, Wafer: 20260123_05",Faulted,0,FF_UNPatt_ParticleCheck_Dice_10.3X10.3_310um\FF_UNPatt_ParticleCheck\FF_ParticleCheck_BF_10.3_Std,0,0,00:01:19.5380000,"(4.71233802811311,1.32141028409051)",0
1/23/2026 3:25:54 PM,"Lot: 20260123_310umblank_AOIS05, Wafer: 20260123_05",Passed,586,FF_UNPatt_ParticleCheck_Dice_10.3X10.3_Bevel\FF_UNPatt_ParticleCheck\FF_ParticleCheck_BF_10.3_Bevel,4193,0,00:18:47.8090000,"(4.71233802811311,1.32141028409051)",0
1/23/2026 3:54:10 PM,"Lot: 20260123_310umblanket_AOIS04, Wafer: 20260123_04",Passed,541,FF_UNPatt_ParticleCheck_Dice_10.3X10.3_Bevel_75%\FF_UNPatt_ParticleCheck\FF_ParticleCheck_BF_10.3_Bevel,4418,0,00:17:20.4010000,"(5.22581467647511,1.03413817552868)",0
1/26/2026 10:25:40 AM,"Lot: 20260126_FFblanketS2_AOIS02, Wafer: 20260126_02",Passed,171,FF_UNPatt_ParticleCheck_Dice_10.3X10.3_Std_2\FF_UNPatt_ParticleCheck\Copy of Copy of FF_ParticleCheck_BF_10.3_Std,517,0,00:14:57.4880000,"(-0.885209229753182,-0.267708067607174)",0
1/26/2026 10:43:08 AM,"Lot: 20260126_FFblankS3_AOIS03, Wafer: 20260126_03",Passed,233,FF_UNPatt_ParticleCheck_Dice_10.3X10.3_Std_2\FF_UNPatt_ParticleCheck\Copy of Copy of FF_ParticleCheck_BF_10.3_Std,464,0,00:12:55.8720000,"(-1.19021196957945,-0.16125809662006)",0
1/26/2026 10:57:31 AM,"Lot: 20260126_BlanketComS4_AOIS04, Wafer: 20260126_04",Passed,173,FF_UNPatt_ParticleCheck_Dice_10.3X10.3_Std_2\FF_UNPatt_ParticleCheck\Copy of Copy of FF_ParticleCheck_BF_10.3_Std,216,0,00:10:53.6030000,"(-1.40445185807386,-0.135552641490079)",0
1/26/2026 11:16:46 AM,"Lot: 20260126_BlanketComS5_AOIS05, Wafer: 20260126_05",Passed,276,FF_UNPatt_ParticleCheck_Dice_10.3X10.3_Std_2\FF_UNPatt_ParticleCheck\Copy of Copy of FF_ParticleCheck_BF_10.3_Std,698,0,00:15:31.8010000,"(-1.74729148231955,-0.626807501398787)",0
1/26/2026 2:31:12 PM,"Lot: MT_20260126133722, Wafer: IME00319_01",Passed,170,Z-12_C2W_eTV3(P)_L2_CMP_pec\Z-L02\Z-L02_CMP,1227,0,00:04:07.2090000,"(-0.169947200600862,-0.328938353130802)",0
1/26/2026 6:08:41 PM,"Lot: 20260126_15x20_s1, Wafer: 20260126_01",Passed,192,FF_UNPatt_15x20\FF_UNPatt_15x20\FF_UNPatt_15x20_0.6um,16186,0,00:13:36.6310000,"(-1.19930275499238,0.123874733051466)",0
1/26/2026 6:23:24 PM,"Lot: 20260126_15x20_s2, Wafer: 20260126_02",Passed,192,FF_UNPatt_15x20\FF_UNPatt_15x20\FF_UNPatt_15x20_0.6um,14050,0,00:13:44.4500000,"(-0.963414853632656,-0.0451816301471037)",0
1/26/2026 6:38:01 PM,"Lot: 20260126_15x20_s3, Wafer: 20260126_03",Passed,192,FF_UNPatt_15x20\FF_UNPatt_15x20\FF_UNPatt_15x20_0.6um,15923,0,00:13:39.5430000,"(-0.522044403369947,-0.966135859938968)",0
1/27/2026 8:10:14 AM,"Lot: IME00084_blanket_S25, Wafer: IME00084_25",Passed,0,BareSi\300mm_BareSi\300mm_BareSi_BF0.5um,94,0,00:07:27.2680000,"(-0.125376318182362,-0.336373449700261)",0
1/27/2026 9:03:49 AM,"Lot: 25082402-00, Wafer: IME00319_01",Passed,196,Z-12_C2W_eTV3(P)_L2_CMP_pec\Z-L02\Z-L02_CMP,1078,0,00:09:12.9010000,"(-0.177552120679449,-0.332246592324976)",0
1/27/2026 9:21:30 AM,"Lot: 25082402-00, Wafer: IME00319_04",Passed,693,Z-12_C2W_eTV3(P)_L2_CMP_pec\Z-L02\Z-L02_CMP,2415,0,00:17:01.0680000,"(-0.0812054785656557,-0.355308736702424)",0
1/27/2026 10:29:02 AM,"Lot: 20260127_FFBLANKS2_AOIS07, Wafer: 20260127_07",Passed,330,FF_UNPatt_ParticleCheck_Dice_10.3X10.3_Std_2\FF_UNPatt_ParticleCheck\Copy of Copy of FF_ParticleCheck_BF_10.3_Std,1788,0,00:18:27.8660000,"(-1.04494377516511,0.237907018174582)",0
1/27/2026 10:40:33 AM,"Lot: IME00143_blankS25_S7, Wafer: IME00143_07",Passed,0,BareSi\300mm_BareSi\300mm_BareSi_BF0.5um,114,0,00:07:02.0240000,"(-0.133220501133962,-0.34394354868498)",0
1/27/2026 3:16:45 PM,"Lot: IME00143_D2Wbonded_AOIS01, Wafer: IME00143_01",Passed,0,300mm D2W bonded xl\300mm D2W xl\300mm D2W,154,0,00:08:25.4150000,"(-0.16705614488933,-0.313921230075042)",0
1/27/2026 6:36:13 PM,"Lot: 20260127_FFblankS3_AOIS03, Wafer: 20260127_03",Passed,214,FF_UNPatt_ParticleCheck_Dice_10.3X10.3_Std_2\FF_UNPatt_ParticleCheck\Copy of Copy of FF_ParticleCheck_BF_10.3_Std,389,0,00:12:31.0700000,"(-1.01760503935756,-0.308314652046221)",0
1/27/2026 6:54:35 PM,"Lot: 20260127_FFblankS4_AOIS04, Wafer: 20260127_04",Passed,205,FF_UNPatt_ParticleCheck_Dice_10.3X10.3_Std_2\FF_UNPatt_ParticleCheck\Copy of Copy of FF_ParticleCheck_BF_10.3_Std,265,0,00:11:38.7880000,"(-1.28687153124087,-0.495677068992649)",0
1/27/2026 7:16:07 PM,"Lot: 20260127_IME00143_D2Wbonded_AOIS01, Wafer: IME00143_01",Passed,0,300mm D2W bonded xl\300mm D2W xl\300mm D2W,69,0,00:07:10.6510000,"(-0.130065358031686,-0.353470261296788)",0
1/28/2026 11:29:29 AM,"Lot: 20260128_310umFFblank_AOIS01, Wafer: 20260128_01",Passed,256,FF_UNPatt_ParticleCheck_Dice_10.3X10.3_Bevel_cy99%\FF_UNPatt_ParticleCheck\FF_ParticleCheck_BF_10.3_Bevel,719,0,00:14:27.1850000,"(4.89750451317296,1.0362158077711)",0
1/28/2026 11:57:23 AM,"Lot: 20260128_310umFFblanket75%_AOIS03, Wafer: 20260128_03",Passed,236,FF_UNPatt_ParticleCheck_Dice_10.3X10.3_Bevel_75%\FF_UNPatt_ParticleCheck\FF_ParticleCheck_BF_10.3_Bevel,443,0,00:12:27.8230000,"(5.13573515772087,1.11123099698847)",0
1/29/2026 9:08:15 AM,"Lot: 20260129_15x20_S1, Wafer: 20260129_01",Passed,87,FF_UNPatt_15x20\FF_UNPatt_15x20\FF_UNPatt_15x20_0.6um,461,0,00:08:21.4030000,"(-1.05497975480727,-0.0178560230797693)",0
1/29/2026 9:16:50 AM,"Lot: 20260129_15x20_S2, Wafer: 20260129_03",Passed,106,FF_UNPatt_15x20\FF_UNPatt_15x20\FF_UNPatt_15x20_0.6um,365,0,00:07:37.7430000,"(-1.17300264924684,0.237861791263525)",0
1/29/2026 9:24:32 AM,"Lot: 20260129_15x20_S3, Wafer: 20260129_05",Passed,101,FF_UNPatt_15x20\FF_UNPatt_15x20\FF_UNPatt_15x20_0.6um,260,0,00:06:42.6490000,"(-0.967190169298014,0.125029143540151)",0
1/29/2026 2:41:03 PM,"Lot: 20260129_15x20_s1, Wafer: 20260129_01",Passed,97,FF_UNPatt_15x20\FF_UNPatt_15x20\FF_UNPatt_15x20_0.6um,554,0,00:09:09.9540000,"(-1.14826913567588,0.0916555987280336)",0
1/29/2026 5:42:23 PM,"Lot: 20260129_R23CnnFinal-1, Wafer: 20260129_08",Passed,1710,FF_UNPatt_ParticleCheck_Dice_6X6_DBG_2_std\FF_UNPatt_ParticleCheck\Copy of FF_ParticleCheck_Chiping_DBG_std,8516,0,00:19:07.0729141,"(1.3501988725412,-1.22653954705697)",0
1/30/2026 9:39:08 AM,"Lot: 20260130_R23Cnn, Wafer: 20260129_08",Passed,1717,FF_UNPatt_ParticleCheck_Dice_6X6_DBG_2_std\FF_UNPatt_ParticleCheck\Copy of FF_ParticleCheck_Chiping_DBG_std,8724,0,00:19:07.3461931,"(1.2431429979718,-1.3465980875337)",0
1/30/2026 10:08:18 AM,"Lot: 20260130_R24, Wafer: 20260129_08",Passed,1690,FF_UNPatt_ParticleCheck_Dice_6X6_DBG_2_std\FF_UNPatt_ParticleCheck\Copy of FF_ParticleCheck_Chiping_DBG_std,7902,0,00:18:58.4902185,"(1.24249817177895,-1.41959438654645)",0
1/30/2026 12:36:20 PM,"Lot: 20260130_S4FFblanketbox3_AOIS03, Wafer: 20260130_03",Passed,118,FF_UNPatt_ParticleCheck_Dice_10.3X10.3_Std_2_S4\FF_UNPatt_ParticleCheck\FF_ParticleCheck_BF_10.3_Std,260,0,00:11:25.6365427,"(-0.699878595540953,-0.536996413463385)",0
1/30/2026 12:52:26 PM,"Lot: IME00143_blankS10_S10, Wafer: IME00143_10",Passed,0,BareSi\300mm_BareSi\300mm_BareSi_BF0.5um,4,0,00:06:25.2592942,"(-0.135539036642399,-0.333003656980864)",0
1/30/2026 3:14:19 PM,"Lot: 20260130_S4FFblank(2)_AOIS01, Wafer: 20260130_01",Passed,131,FF_UNPatt_ParticleCheck_Dice_10.3X10.3_Std_2_s4tues\FF_UNPatt_ParticleCheck\FF_ParticleCheck_BF_10.3_Std,174,0,00:10:51.4908831,"(-1.51438695224493,-0.0128050737314194)",0
1/30/2026 3:33:09 PM,"Lot: 20260130_blanketcomS3_AOI05, Wafer: 20260130_05",Passed,219,FF_UNPatt_ParticleCheck_Dice_10.3X10.3_Std_2\FF_UNPatt_ParticleCheck\Copy of Copy of FF_ParticleCheck_BF_10.3_Std,396,0,00:12:57.5942981,"(-0.651435566228713,0.078876153202458)",0
1/30/2026 4:17:48 PM,"Lot: 20260130_blanketcomS1_AOIS03, Wafer: 20260130_03",Passed,327,FF_UNPatt_ParticleCheck_Dice_10.3X10.3_Std_2_S1\FF_UNPatt_ParticleCheck\FF_ParticleCheck_BF_10.3_Std,841,0,00:19:54.0228216,"(-1.6336963416025,-0.794810576706965)",0
